id,gmail,password,registered_on
1,kfdsfks@gmail.com,ef797c8118f02dfb649607dd5d3f8c7623048c9c063d532cc95c5ed7a898a64f,2024-11-29 14:35:32.610954
2,kksoin@gmail.com,ef797c8118f02dfb649607dd5d3f8c7623048c9c063d532cc95c5ed7a898a64f,2024-11-29 15:49:38.985011
3,nazim@gmail.com,ef797c8118f02dfb649607dd5d3f8c7623048c9c063d532cc95c5ed7a898a64f,2024-11-29 15:51:33.024370
4,dasha@gmail.com,ef797c8118f02dfb649607dd5d3f8c7623048c9c063d532cc95c5ed7a898a64f,2024-11-29 18:00:42.640783
5,vadim@gmail.com,ef797c8118f02dfb649607dd5d3f8c7623048c9c063d532cc95c5ed7a898a64f,2024-11-29 18:07:55.867124
6,иван4888@gmail.com,ef797c8118f02dfb649607dd5d3f8c7623048c9c063d532cc95c5ed7a898a64f,2024-11-29 18:55:48.335607
7,дмитро9170@gmail.com,ef797c8118f02dfb649607dd5d3f8c7623048c9c063d532cc95c5ed7a898a64f,2024-11-29 18:55:57.528697
8,катерина9260@gmail.com,ef797c8118f02dfb649607dd5d3f8c7623048c9c063d532cc95c5ed7a898a64f,2024-11-29 18:56:29.380934
9,максим6446@gmail.com,ef797c8118f02dfb649607dd5d3f8c7623048c9c063d532cc95c5ed7a898a64f,2024-11-29 18:56:59.402283
10,вікторія5563@gmail.com,ef797c8118f02dfb649607dd5d3f8c7623048c9c063d532cc95c5ed7a898a64f,2024-11-29 18:56:59.463064
11,сергій7239@gmail.com,ef797c8118f02dfb649607dd5d3f8c7623048c9c063d532cc95c5ed7a898a64f,2024-11-29 18:56:59.508906
12,максим3144@gmail.com,ef797c8118f02dfb649607dd5d3f8c7623048c9c063d532cc95c5ed7a898a64f,2024-11-29 18:56:59.570505
13,вадим7496@gmail.com,ef797c8118f02dfb649607dd5d3f8c7623048c9c063d532cc95c5ed7a898a64f,2024-11-29 18:56:59.619985
14,вадим4867@gmail.com,ef797c8118f02dfb649607dd5d3f8c7623048c9c063d532cc95c5ed7a898a64f,2024-11-29 18:56:59.752248
15,катерина9596@gmail.com,ef797c8118f02dfb649607dd5d3f8c7623048c9c063d532cc95c5ed7a898a64f,2024-11-29 18:56:59.806825
16,сергій5947@gmail.com,ef797c8118f02dfb649607dd5d3f8c7623048c9c063d532cc95c5ed7a898a64f,2024-11-29 18:56:59.856476
17,наталія3376@gmail.com,ef797c8118f02dfb649607dd5d3f8c7623048c9c063d532cc95c5ed7a898a64f,2024-11-29 18:56:59.903267
18,вікторія8607@gmail.com,ef797c8118f02dfb649607dd5d3f8c7623048c9c063d532cc95c5ed7a898a64f,2024-11-29 18:56:59.947716
19,олександр5168@gmail.com,ef797c8118f02dfb649607dd5d3f8c7623048c9c063d532cc95c5ed7a898a64f,2024-11-29 18:57:00.016160
20,сергій8071@gmail.com,ef797c8118f02dfb649607dd5d3f8c7623048c9c063d532cc95c5ed7a898a64f,2024-11-29 18:57:00.064632
21,артем3929@gmail.com,ef797c8118f02dfb649607dd5d3f8c7623048c9c063d532cc95c5ed7a898a64f,2024-11-29 18:57:00.117922
22,тетяна4326@gmail.com,ef797c8118f02dfb649607dd5d3f8c7623048c9c063d532cc95c5ed7a898a64f,2024-11-29 18:57:00.166791
23,олена8562@gmail.com,ef797c8118f02dfb649607dd5d3f8c7623048c9c063d532cc95c5ed7a898a64f,2024-11-29 18:57:00.213094
24,петро3965@gmail.com,ef797c8118f02dfb649607dd5d3f8c7623048c9c063d532cc95c5ed7a898a64f,2024-11-29 18:57:00.260281
25,михайло1279@gmail.com,ef797c8118f02dfb649607dd5d3f8c7623048c9c063d532cc95c5ed7a898a64f,2024-11-29 18:57:00.308153
26,тетяна7306@gmail.com,ef797c8118f02dfb649607dd5d3f8c7623048c9c063d532cc95c5ed7a898a64f,2024-11-29 18:57:00.354898
27,дмитро1138@gmail.com,ef797c8118f02dfb649607dd5d3f8c7623048c9c063d532cc95c5ed7a898a64f,2024-11-29 18:57:00.449853
28,максим9931@gmail.com,ef797c8118f02dfb649607dd5d3f8c7623048c9c063d532cc95c5ed7a898a64f,2024-11-29 18:57:00.509785
29,петро8894@gmail.com,ef797c8118f02dfb649607dd5d3f8c7623048c9c063d532cc95c5ed7a898a64f,2024-11-29 18:57:00.558788
30,максим4492@gmail.com,ef797c8118f02dfb649607dd5d3f8c7623048c9c063d532cc95c5ed7a898a64f,2024-11-29 18:57:00.605957
31,тетяна7878@gmail.com,ef797c8118f02dfb649607dd5d3f8c7623048c9c063d532cc95c5ed7a898a64f,2024-11-29 18:57:00.652913
32,ірина5566@gmail.com,ef797c8118f02dfb649607dd5d3f8c7623048c9c063d532cc95c5ed7a898a64f,2024-11-29 18:57:00.698529
33,вадим4705@gmail.com,ef797c8118f02dfb649607dd5d3f8c7623048c9c063d532cc95c5ed7a898a64f,2024-11-29 18:57:00.747326
34,юлія2247@gmail.com,ef797c8118f02dfb649607dd5d3f8c7623048c9c063d532cc95c5ed7a898a64f,2024-11-29 18:57:00.793599
35,иван1231@gmail.com,ef797c8118f02dfb649607dd5d3f8c7623048c9c063d532cc95c5ed7a898a64f,2024-11-29 18:57:00.839622
36,иван5205@gmail.com,ef797c8118f02dfb649607dd5d3f8c7623048c9c063d532cc95c5ed7a898a64f,2024-11-29 18:57:00.886928
37,катерина4114@gmail.com,ef797c8118f02dfb649607dd5d3f8c7623048c9c063d532cc95c5ed7a898a64f,2024-11-29 18:57:00.932826
38,оксана4836@gmail.com,ef797c8118f02dfb649607dd5d3f8c7623048c9c063d532cc95c5ed7a898a64f,2024-11-29 18:57:00.980393
39,анна6133@gmail.com,ef797c8118f02dfb649607dd5d3f8c7623048c9c063d532cc95c5ed7a898a64f,2024-11-29 18:57:01.026184
40,тетяна3915@gmail.com,ef797c8118f02dfb649607dd5d3f8c7623048c9c063d532cc95c5ed7a898a64f,2024-11-29 18:57:01.071076
41,иван1859@gmail.com,ef797c8118f02dfb649607dd5d3f8c7623048c9c063d532cc95c5ed7a898a64f,2024-11-29 18:57:01.119325
42,сергій1580@gmail.com,ef797c8118f02dfb649607dd5d3f8c7623048c9c063d532cc95c5ed7a898a64f,2024-11-29 18:57:01.167813
43,марія1593@gmail.com,ef797c8118f02dfb649607dd5d3f8c7623048c9c063d532cc95c5ed7a898a64f,2024-11-29 18:57:01.213878
44,олександр6874@gmail.com,ef797c8118f02dfb649607dd5d3f8c7623048c9c063d532cc95c5ed7a898a64f,2024-11-29 18:57:01.259927
45,дмитро7814@gmail.com,ef797c8118f02dfb649607dd5d3f8c7623048c9c063d532cc95c5ed7a898a64f,2024-11-29 18:57:01.311350
46,михайло6053@gmail.com,ef797c8118f02dfb649607dd5d3f8c7623048c9c063d532cc95c5ed7a898a64f,2024-11-29 18:57:01.357099
47,вікторія2777@gmail.com,ef797c8118f02dfb649607dd5d3f8c7623048c9c063d532cc95c5ed7a898a64f,2024-11-29 18:57:01.404780
48,максим7512@gmail.com,ef797c8118f02dfb649607dd5d3f8c7623048c9c063d532cc95c5ed7a898a64f,2024-11-29 18:57:01.454634
49,тетяна5219@gmail.com,ef797c8118f02dfb649607dd5d3f8c7623048c9c063d532cc95c5ed7a898a64f,2024-11-29 18:57:01.500217
50,дмитро1617@gmail.com,ef797c8118f02dfb649607dd5d3f8c7623048c9c063d532cc95c5ed7a898a64f,2024-11-29 18:57:01.547069
51,юлія7599@gmail.com,ef797c8118f02dfb649607dd5d3f8c7623048c9c063d532cc95c5ed7a898a64f,2024-11-29 18:57:01.615638
52,олександр6508@gmail.com,ef797c8118f02dfb649607dd5d3f8c7623048c9c063d532cc95c5ed7a898a64f,2024-11-29 18:57:01.659585
53,петро8182@gmail.com,ef797c8118f02dfb649607dd5d3f8c7623048c9c063d532cc95c5ed7a898a64f,2024-11-29 18:57:01.707823
54,оксана3484@gmail.com,ef797c8118f02dfb649607dd5d3f8c7623048c9c063d532cc95c5ed7a898a64f,2024-11-29 18:57:01.754740
55,ірина8706@gmail.com,ef797c8118f02dfb649607dd5d3f8c7623048c9c063d532cc95c5ed7a898a64f,2024-11-29 18:57:01.803640
56,ірина3347@gmail.com,ef797c8118f02dfb649607dd5d3f8c7623048c9c063d532cc95c5ed7a898a64f,2024-11-29 18:57:01.879157
57,олександр8206@gmail.com,ef797c8118f02dfb649607dd5d3f8c7623048c9c063d532cc95c5ed7a898a64f,2024-11-29 18:57:01.929539
58,александр2498@gmail.com,ef797c8118f02dfb649607dd5d3f8c7623048c9c063d532cc95c5ed7a898a64f,2024-11-29 18:57:01.978352
59,александр9189@gmail.com,ef797c8118f02dfb649607dd5d3f8c7623048c9c063d532cc95c5ed7a898a64f,2024-11-29 18:57:02.027695
60,вікторія1831@gmail.com,ef797c8118f02dfb649607dd5d3f8c7623048c9c063d532cc95c5ed7a898a64f,2024-11-29 18:57:02.074119
61,наталія1876@gmail.com,ef797c8118f02dfb649607dd5d3f8c7623048c9c063d532cc95c5ed7a898a64f,2024-11-29 18:57:02.119934
62,оксана3477@gmail.com,ef797c8118f02dfb649607dd5d3f8c7623048c9c063d532cc95c5ed7a898a64f,2024-11-29 18:57:02.164372
63,юлія7472@gmail.com,ef797c8118f02dfb649607dd5d3f8c7623048c9c063d532cc95c5ed7a898a64f,2024-11-29 18:57:02.212805
64,юлія8591@gmail.com,ef797c8118f02dfb649607dd5d3f8c7623048c9c063d532cc95c5ed7a898a64f,2024-11-29 18:57:02.260851
65,иван8477@gmail.com,ef797c8118f02dfb649607dd5d3f8c7623048c9c063d532cc95c5ed7a898a64f,2024-11-29 18:57:02.312265
66,ірина4346@gmail.com,ef797c8118f02dfb649607dd5d3f8c7623048c9c063d532cc95c5ed7a898a64f,2024-11-29 18:57:02.359330
67,олександр3788@gmail.com,ef797c8118f02dfb649607dd5d3f8c7623048c9c063d532cc95c5ed7a898a64f,2024-11-29 18:57:02.405940
68,максим4210@gmail.com,ef797c8118f02dfb649607dd5d3f8c7623048c9c063d532cc95c5ed7a898a64f,2024-11-29 18:57:02.455948
69,артем5281@gmail.com,ef797c8118f02dfb649607dd5d3f8c7623048c9c063d532cc95c5ed7a898a64f,2024-11-29 18:57:02.503780
70,максим9319@gmail.com,ef797c8118f02dfb649607dd5d3f8c7623048c9c063d532cc95c5ed7a898a64f,2024-11-29 18:57:02.550010
71,артем6553@gmail.com,ef797c8118f02dfb649607dd5d3f8c7623048c9c063d532cc95c5ed7a898a64f,2024-11-29 18:57:02.593954
72,анна4209@gmail.com,ef797c8118f02dfb649607dd5d3f8c7623048c9c063d532cc95c5ed7a898a64f,2024-11-29 18:57:02.641693
73,юлія9830@gmail.com,ef797c8118f02dfb649607dd5d3f8c7623048c9c063d532cc95c5ed7a898a64f,2024-11-29 18:57:02.689390
74,иван3255@gmail.com,ef797c8118f02dfb649607dd5d3f8c7623048c9c063d532cc95c5ed7a898a64f,2024-11-29 18:57:02.738019
75,сергій2927@gmail.com,ef797c8118f02dfb649607dd5d3f8c7623048c9c063d532cc95c5ed7a898a64f,2024-11-29 18:57:02.792798
76,вадим6031@gmail.com,ef797c8118f02dfb649607dd5d3f8c7623048c9c063d532cc95c5ed7a898a64f,2024-11-29 18:57:02.846677
77,тетяна3261@gmail.com,ef797c8118f02dfb649607dd5d3f8c7623048c9c063d532cc95c5ed7a898a64f,2024-11-29 18:57:02.907463
78,олена8375@gmail.com,ef797c8118f02dfb649607dd5d3f8c7623048c9c063d532cc95c5ed7a898a64f,2024-11-29 18:57:02.971450
79,сергій7766@gmail.com,ef797c8118f02dfb649607dd5d3f8c7623048c9c063d532cc95c5ed7a898a64f,2024-11-29 18:57:03.021018
80,олександр4407@gmail.com,ef797c8118f02dfb649607dd5d3f8c7623048c9c063d532cc95c5ed7a898a64f,2024-11-29 18:57:03.079251
81,артем6060@gmail.com,ef797c8118f02dfb649607dd5d3f8c7623048c9c063d532cc95c5ed7a898a64f,2024-11-29 18:57:03.129691
82,петро8135@gmail.com,ef797c8118f02dfb649607dd5d3f8c7623048c9c063d532cc95c5ed7a898a64f,2024-11-29 18:57:03.204064
83,катерина3318@gmail.com,ef797c8118f02dfb649607dd5d3f8c7623048c9c063d532cc95c5ed7a898a64f,2024-11-29 18:57:03.253078
84,оксана4300@gmail.com,ef797c8118f02dfb649607dd5d3f8c7623048c9c063d532cc95c5ed7a898a64f,2024-11-29 18:57:03.300289
85,максим3014@gmail.com,ef797c8118f02dfb649607dd5d3f8c7623048c9c063d532cc95c5ed7a898a64f,2024-11-29 18:57:03.351344
86,вадим9372@gmail.com,ef797c8118f02dfb649607dd5d3f8c7623048c9c063d532cc95c5ed7a898a64f,2024-11-29 18:57:03.405505
87,артем3080@gmail.com,ef797c8118f02dfb649607dd5d3f8c7623048c9c063d532cc95c5ed7a898a64f,2024-11-29 18:57:03.454522
88,оксана3497@gmail.com,ef797c8118f02dfb649607dd5d3f8c7623048c9c063d532cc95c5ed7a898a64f,2024-11-29 18:57:03.501493
89,олександр7208@gmail.com,ef797c8118f02dfb649607dd5d3f8c7623048c9c063d532cc95c5ed7a898a64f,2024-11-29 18:57:03.551395
90,тетяна4884@gmail.com,ef797c8118f02dfb649607dd5d3f8c7623048c9c063d532cc95c5ed7a898a64f,2024-11-29 18:57:03.597269
91,сергій4681@gmail.com,ef797c8118f02dfb649607dd5d3f8c7623048c9c063d532cc95c5ed7a898a64f,2024-11-29 18:57:03.643065
92,юлія1416@gmail.com,ef797c8118f02dfb649607dd5d3f8c7623048c9c063d532cc95c5ed7a898a64f,2024-11-29 18:57:03.692917
93,михайло6567@gmail.com,ef797c8118f02dfb649607dd5d3f8c7623048c9c063d532cc95c5ed7a898a64f,2024-11-29 18:57:03.742961
94,михайло1287@gmail.com,ef797c8118f02dfb649607dd5d3f8c7623048c9c063d532cc95c5ed7a898a64f,2024-11-29 18:57:03.788609
95,сергій5511@gmail.com,ef797c8118f02dfb649607dd5d3f8c7623048c9c063d532cc95c5ed7a898a64f,2024-11-29 18:57:03.835030
96,вадим4920@gmail.com,ef797c8118f02dfb649607dd5d3f8c7623048c9c063d532cc95c5ed7a898a64f,2024-11-29 18:57:03.882139
97,дмитро8912@gmail.com,ef797c8118f02dfb649607dd5d3f8c7623048c9c063d532cc95c5ed7a898a64f,2024-11-29 18:57:03.928947
98,марія3000@gmail.com,ef797c8118f02dfb649607dd5d3f8c7623048c9c063d532cc95c5ed7a898a64f,2024-11-29 18:57:03.976360
99,александр8909@gmail.com,ef797c8118f02dfb649607dd5d3f8c7623048c9c063d532cc95c5ed7a898a64f,2024-11-29 18:57:04.024357
100,сергій8040@gmail.com,ef797c8118f02dfb649607dd5d3f8c7623048c9c063d532cc95c5ed7a898a64f,2024-11-29 18:57:04.073565
101,александр3220@gmail.com,ef797c8118f02dfb649607dd5d3f8c7623048c9c063d532cc95c5ed7a898a64f,2024-11-29 18:57:04.119672
102,ірина8637@gmail.com,ef797c8118f02dfb649607dd5d3f8c7623048c9c063d532cc95c5ed7a898a64f,2024-11-29 18:57:04.164735
103,петро2203@gmail.com,ef797c8118f02dfb649607dd5d3f8c7623048c9c063d532cc95c5ed7a898a64f,2024-11-29 18:57:04.330700
104,иван8488@gmail.com,ef797c8118f02dfb649607dd5d3f8c7623048c9c063d532cc95c5ed7a898a64f,2024-11-29 18:57:04.426171
105,катерина6693@gmail.com,ef797c8118f02dfb649607dd5d3f8c7623048c9c063d532cc95c5ed7a898a64f,2024-11-29 18:57:04.484953
106,иван2152@gmail.com,ef797c8118f02dfb649607dd5d3f8c7623048c9c063d532cc95c5ed7a898a64f,2024-11-29 18:57:04.577276
107,юлія5095@gmail.com,ef797c8118f02dfb649607dd5d3f8c7623048c9c063d532cc95c5ed7a898a64f,2024-11-29 18:57:04.660183
108,юлія2097@gmail.com,ef797c8118f02dfb649607dd5d3f8c7623048c9c063d532cc95c5ed7a898a64f,2024-11-29 18:57:04.737247
109,тетяна5378@gmail.com,ef797c8118f02dfb649607dd5d3f8c7623048c9c063d532cc95c5ed7a898a64f,2024-11-29 18:58:35.390885
110,артем5288@gmail.com,ef797c8118f02dfb649607dd5d3f8c7623048c9c063d532cc95c5ed7a898a64f,2024-11-29 18:58:35.462458
111,наталія8344@gmail.com,ef797c8118f02dfb649607dd5d3f8c7623048c9c063d532cc95c5ed7a898a64f,2024-11-29 18:58:35.508607
112,анна1674@gmail.com,ef797c8118f02dfb649607dd5d3f8c7623048c9c063d532cc95c5ed7a898a64f,2024-11-29 18:58:35.557759
113,олександр4524@gmail.com,ef797c8118f02dfb649607dd5d3f8c7623048c9c063d532cc95c5ed7a898a64f,2024-11-29 18:58:35.608705
114,тетяна4688@gmail.com,ef797c8118f02dfb649607dd5d3f8c7623048c9c063d532cc95c5ed7a898a64f,2024-11-29 18:58:35.673503
115,ірина6218@gmail.com,ef797c8118f02dfb649607dd5d3f8c7623048c9c063d532cc95c5ed7a898a64f,2024-11-29 18:58:35.722629
116,оксана9257@gmail.com,ef797c8118f02dfb649607dd5d3f8c7623048c9c063d532cc95c5ed7a898a64f,2024-11-29 18:58:35.778422
117,марія1994@gmail.com,ef797c8118f02dfb649607dd5d3f8c7623048c9c063d532cc95c5ed7a898a64f,2024-11-29 18:58:35.830836
118,тетяна3146@gmail.com,ef797c8118f02dfb649607dd5d3f8c7623048c9c063d532cc95c5ed7a898a64f,2024-11-29 18:58:35.882121
119,тетяна1672@gmail.com,ef797c8118f02dfb649607dd5d3f8c7623048c9c063d532cc95c5ed7a898a64f,2024-11-29 18:58:35.949778
120,ірина8051@gmail.com,ef797c8118f02dfb649607dd5d3f8c7623048c9c063d532cc95c5ed7a898a64f,2024-11-29 18:58:36.017953
121,максим9055@gmail.com,ef797c8118f02dfb649607dd5d3f8c7623048c9c063d532cc95c5ed7a898a64f,2024-11-29 18:58:36.103448
122,анна7320@gmail.com,ef797c8118f02dfb649607dd5d3f8c7623048c9c063d532cc95c5ed7a898a64f,2024-11-29 18:58:36.183144
123,вікторія1145@gmail.com,ef797c8118f02dfb649607dd5d3f8c7623048c9c063d532cc95c5ed7a898a64f,2024-11-29 18:58:36.241009
124,марія7813@gmail.com,ef797c8118f02dfb649607dd5d3f8c7623048c9c063d532cc95c5ed7a898a64f,2024-11-29 18:58:36.331087
125,михайло4547@gmail.com,ef797c8118f02dfb649607dd5d3f8c7623048c9c063d532cc95c5ed7a898a64f,2024-11-29 18:58:36.415218
126,олександр8224@gmail.com,ef797c8118f02dfb649607dd5d3f8c7623048c9c063d532cc95c5ed7a898a64f,2024-11-29 18:58:36.505559
127,олена1488@gmail.com,ef797c8118f02dfb649607dd5d3f8c7623048c9c063d532cc95c5ed7a898a64f,2024-11-29 18:58:36.602400
128,катерина4242@gmail.com,ef797c8118f02dfb649607dd5d3f8c7623048c9c063d532cc95c5ed7a898a64f,2024-11-29 18:58:36.691595
129,вадим8976@gmail.com,ef797c8118f02dfb649607dd5d3f8c7623048c9c063d532cc95c5ed7a898a64f,2024-11-29 18:58:36.772510
130,тетяна8241@gmail.com,ef797c8118f02dfb649607dd5d3f8c7623048c9c063d532cc95c5ed7a898a64f,2024-11-29 18:58:36.830483
131,тетяна1235@gmail.com,ef797c8118f02dfb649607dd5d3f8c7623048c9c063d532cc95c5ed7a898a64f,2024-11-29 18:58:36.894497
132,артем5947@gmail.com,ef797c8118f02dfb649607dd5d3f8c7623048c9c063d532cc95c5ed7a898a64f,2024-11-29 18:58:36.961384
133,иван5609@gmail.com,ef797c8118f02dfb649607dd5d3f8c7623048c9c063d532cc95c5ed7a898a64f,2024-11-29 18:58:37.007060
134,михайло3606@gmail.com,ef797c8118f02dfb649607dd5d3f8c7623048c9c063d532cc95c5ed7a898a64f,2024-11-29 18:58:37.054576
135,петро9108@gmail.com,ef797c8118f02dfb649607dd5d3f8c7623048c9c063d532cc95c5ed7a898a64f,2024-11-29 18:58:37.099183
136,оксана8482@gmail.com,ef797c8118f02dfb649607dd5d3f8c7623048c9c063d532cc95c5ed7a898a64f,2024-11-29 18:58:37.143007
137,анна5118@gmail.com,ef797c8118f02dfb649607dd5d3f8c7623048c9c063d532cc95c5ed7a898a64f,2024-11-29 18:58:37.188511
138,вадим3432@gmail.com,ef797c8118f02dfb649607dd5d3f8c7623048c9c063d532cc95c5ed7a898a64f,2024-11-29 18:58:37.233223
139,тетяна6458@gmail.com,ef797c8118f02dfb649607dd5d3f8c7623048c9c063d532cc95c5ed7a898a64f,2024-11-29 18:58:37.281257
140,иван5528@gmail.com,ef797c8118f02dfb649607dd5d3f8c7623048c9c063d532cc95c5ed7a898a64f,2024-11-29 18:58:37.328291
141,иван1155@gmail.com,ef797c8118f02dfb649607dd5d3f8c7623048c9c063d532cc95c5ed7a898a64f,2024-11-29 18:58:37.374850
142,михайло7175@gmail.com,ef797c8118f02dfb649607dd5d3f8c7623048c9c063d532cc95c5ed7a898a64f,2024-11-29 18:58:37.423842
143,анна7681@gmail.com,ef797c8118f02dfb649607dd5d3f8c7623048c9c063d532cc95c5ed7a898a64f,2024-11-29 18:58:37.466389
144,тетяна3525@gmail.com,ef797c8118f02dfb649607dd5d3f8c7623048c9c063d532cc95c5ed7a898a64f,2024-11-29 18:58:37.513119
145,анна5525@gmail.com,ef797c8118f02dfb649607dd5d3f8c7623048c9c063d532cc95c5ed7a898a64f,2024-11-29 18:58:37.555771
146,вікторія4066@gmail.com,ef797c8118f02dfb649607dd5d3f8c7623048c9c063d532cc95c5ed7a898a64f,2024-11-29 18:58:37.600286
147,вадим7296@gmail.com,ef797c8118f02dfb649607dd5d3f8c7623048c9c063d532cc95c5ed7a898a64f,2024-11-29 18:58:37.644228
148,петро8138@gmail.com,ef797c8118f02dfb649607dd5d3f8c7623048c9c063d532cc95c5ed7a898a64f,2024-11-29 18:58:37.688484
149,михайло2497@gmail.com,ef797c8118f02dfb649607dd5d3f8c7623048c9c063d532cc95c5ed7a898a64f,2024-11-29 18:58:37.734397
150,наталія7679@gmail.com,ef797c8118f02dfb649607dd5d3f8c7623048c9c063d532cc95c5ed7a898a64f,2024-11-29 18:58:37.781598
151,марія6821@gmail.com,ef797c8118f02dfb649607dd5d3f8c7623048c9c063d532cc95c5ed7a898a64f,2024-11-29 18:58:37.827815
152,наталія1891@gmail.com,ef797c8118f02dfb649607dd5d3f8c7623048c9c063d532cc95c5ed7a898a64f,2024-11-29 18:58:37.871708
153,xaxaxaxaxa@gmail.com,ef797c8118f02dfb649607dd5d3f8c7623048c9c063d532cc95c5ed7a898a64f,2024-11-30 15:09:33.042780
154,danya@gmail.com,e24df920078c3dd4e7e8d2442f00e5c9ab2a231bb3918d65cc50906e49ecaef4,2024-11-30 15:10:57.727968
155,0987654321@gmail.com,e9f6fadcb9df33a268fc16bcd5b78fd5d8c3077feb396ac9b95a3628787c14fd,2024-11-30 15:11:29.201262
156,ganymede@gmail.com,4693b7680bf3777d773fc080e98a892d658e3bbce12f10826f0ccb1009f19260,2024-11-30 16:21:47.086134
